,HeightCm,WeightKg,BMI,Category
0,171,96,32.83061454806607,Moderately obese
1,161,85,32.79194475521777,Moderately obese
2,180,77,23.76543209876543,Normal weight
3,166,62,22.499637102627375,Normal weight
4,150,70,31.11111111111111,Moderately obese
5,167,82,29.402273297715947,Overweight
6,167,200,71.7128617017462,Very severely obese
